{
  "Biking": {
    "precision": 0.3191489361702128,
    "recall": 0.7142857142857143,
    "f1-score": 0.4411764705882353,
    "support": 21.0
  },
  "Diving": {
    "precision": 1.0,
    "recall": 0.8695652173913043,
    "f1-score": 0.9302325581395349,
    "support": 23.0
  },
  "GolfSwing": {
    "precision": 0.7,
    "recall": 0.6666666666666666,
    "f1-score": 0.6829268292682927,
    "support": 21.0
  },
  "HighJump": {
    "precision": 0.8333333333333334,
    "recall": 0.2631578947368421,
    "f1-score": 0.4,
    "support": 19.0
  },
  "HorseRiding": {
    "precision": 0.38461538461538464,
    "recall": 0.6,
    "f1-score": 0.46875,
    "support": 25.0
  },
  "PullUps": {
    "precision": 0.6153846153846154,
    "recall": 0.5333333333333333,
    "f1-score": 0.5714285714285714,
    "support": 15.0
  },
  "SkateBoarding": {
    "precision": 0.5454545454545454,
    "recall": 0.6666666666666666,
    "f1-score": 0.6,
    "support": 18.0
  },
  "Swing": {
    "precision": 0.391304347826087,
    "recall": 0.45,
    "f1-score": 0.4186046511627907,
    "support": 20.0
  },
  "ThrowDiscus": {
    "precision": 0.8333333333333334,
    "recall": 0.5,
    "f1-score": 0.625,
    "support": 20.0
  },
  "VolleyballSpiking": {
    "precision": 0.875,
    "recall": 0.3888888888888889,
    "f1-score": 0.5384615384615384,
    "support": 18.0
  },
  "WalkingWithDog": {
    "precision": 0.2,
    "recall": 0.10526315789473684,
    "f1-score": 0.13793103448275862,
    "support": 19.0
  },
  "WritingOnBoard": {
    "precision": 0.9545454545454546,
    "recall": 0.9130434782608695,
    "f1-score": 0.9333333333333333,
    "support": 23.0
  },
  "accuracy": 0.5702479338842975,
  "macro avg": {
    "precision": 0.6376766625552471,
    "recall": 0.5559059181770852,
    "f1-score": 0.562320415572088,
    "support": 242.0
  },
  "weighted avg": {
    "precision": 0.6400706435329642,
    "recall": 0.5702479338842975,
    "f1-score": 0.5716671642273865,
    "support": 242.0
  }
}