epoch,smallcnn_val_loss,resnet_val_loss
1,2.146266153303243,0.3099772834171683
2,2.0248318486294505,0.211333496085668
3,1.9432689577846203,0.1788561220391322
4,1.9639077105764615,0.1560694856916444
5,1.869954652705435,0.15953581540261286
