epoch,lr_0_01_val,lr_0_001_val
1,2.6471116138716875,1.3177354623705655
2,2.696247698897022,0.8405772231645503
3,2.3973221334360413,2.057636545876325
