{
  "hog_only": {
    "svm": {
      "Biking": {
        "precision": 0.6363636363636364,
        "recall": 1.0,
        "f1-score": 0.7777777777777778,
        "support": 7.0
      },
      "Diving": {
        "precision": 1.0,
        "recall": 0.625,
        "f1-score": 0.7692307692307693,
        "support": 8.0
      },
      "GolfSwing": {
        "precision": 1.0,
        "recall": 1.0,
        "f1-score": 1.0,
        "support": 7.0
      },
      "HighJump": {
        "precision": 0.8888888888888888,
        "recall": 1.0,
        "f1-score": 0.9411764705882353,
        "support": 8.0
      },
      "HorseRiding": {
        "precision": 0.8888888888888888,
        "recall": 1.0,
        "f1-score": 0.9411764705882353,
        "support": 8.0
      },
      "PullUps": {
        "precision": 1.0,
        "recall": 0.8571428571428571,
        "f1-score": 0.9230769230769231,
        "support": 7.0
      },
      "SkateBoarding": {
        "precision": 1.0,
        "recall": 1.0,
        "f1-score": 1.0,
        "support": 8.0
      },
      "Swing": {
        "precision": 1.0,
        "recall": 1.0,
        "f1-score": 1.0,
        "support": 8.0
      },
      "ThrowDiscus": {
        "precision": 1.0,
        "recall": 1.0,
        "f1-score": 1.0,
        "support": 7.0
      },
      "VolleyballSpiking": {
        "precision": 1.0,
        "recall": 0.8571428571428571,
        "f1-score": 0.9230769230769231,
        "support": 7.0
      },
      "WalkingWithDog": {
        "precision": 1.0,
        "recall": 0.8571428571428571,
        "f1-score": 0.9230769230769231,
        "support": 7.0
      },
      "WritingOnBoard": {
        "precision": 1.0,
        "recall": 1.0,
        "f1-score": 1.0,
        "support": 8.0
      },
      "accuracy": 0.9333333333333333,
      "macro avg": {
        "precision": 0.9511784511784511,
        "recall": 0.9330357142857144,
        "f1-score": 0.9332160214513157,
        "support": 90.0
      },
      "weighted avg": {
        "precision": 0.9519640852974185,
        "recall": 0.9333333333333333,
        "f1-score": 0.9337969945813084,
        "support": 90.0
      }
    },
    "knn": {
      "Biking": {
        "precision": 1.0,
        "recall": 0.5714285714285714,
        "f1-score": 0.7272727272727273,
        "support": 7.0
      },
      "Diving": {
        "precision": 0.75,
        "recall": 0.75,
        "f1-score": 0.75,
        "support": 8.0
      },
      "GolfSwing": {
        "precision": 1.0,
        "recall": 1.0,
        "f1-score": 1.0,
        "support": 7.0
      },
      "HighJump": {
        "precision": 1.0,
        "recall": 1.0,
        "f1-score": 1.0,
        "support": 8.0
      },
      "HorseRiding": {
        "precision": 0.8888888888888888,
        "recall": 1.0,
        "f1-score": 0.9411764705882353,
        "support": 8.0
      },
      "PullUps": {
        "precision": 1.0,
        "recall": 0.8571428571428571,
        "f1-score": 0.9230769230769231,
        "support": 7.0
      },
      "SkateBoarding": {
        "precision": 1.0,
        "recall": 1.0,
        "f1-score": 1.0,
        "support": 8.0
      },
      "Swing": {
        "precision": 0.47058823529411764,
        "recall": 1.0,
        "f1-score": 0.64,
        "support": 8.0
      },
      "ThrowDiscus": {
        "precision": 0.875,
        "recall": 1.0,
        "f1-score": 0.9333333333333333,
        "support": 7.0
      },
      "VolleyballSpiking": {
        "precision": 1.0,
        "recall": 0.5714285714285714,
        "f1-score": 0.7272727272727273,
        "support": 7.0
      },
      "WalkingWithDog": {
        "precision": 1.0,
        "recall": 0.42857142857142855,
        "f1-score": 0.6,
        "support": 7.0
      },
      "WritingOnBoard": {
        "precision": 1.0,
        "recall": 1.0,
        "f1-score": 1.0,
        "support": 8.0
      },
      "accuracy": 0.8555555555555555,
      "macro avg": {
        "precision": 0.9153730936819172,
        "recall": 0.8482142857142857,
        "f1-score": 0.8535110151286621,
        "support": 90.0
      },
      "weighted avg": {
        "precision": 0.9111201888162673,
        "recall": 0.8555555555555555,
        "f1-score": 0.8558455749043985,
        "support": 90.0
      }
    }
  },
  "lbp_only": {
    "svm": {
      "Biking": {
        "precision": 0.8,
        "recall": 0.5714285714285714,
        "f1-score": 0.6666666666666666,
        "support": 7.0
      },
      "Diving": {
        "precision": 0.8,
        "recall": 1.0,
        "f1-score": 0.8888888888888888,
        "support": 8.0
      },
      "GolfSwing": {
        "precision": 1.0,
        "recall": 1.0,
        "f1-score": 1.0,
        "support": 7.0
      },
      "HighJump": {
        "precision": 0.875,
        "recall": 0.875,
        "f1-score": 0.875,
        "support": 8.0
      },
      "HorseRiding": {
        "precision": 0.7777777777777778,
        "recall": 0.875,
        "f1-score": 0.8235294117647058,
        "support": 8.0
      },
      "PullUps": {
        "precision": 1.0,
        "recall": 0.8571428571428571,
        "f1-score": 0.9230769230769231,
        "support": 7.0
      },
      "SkateBoarding": {
        "precision": 1.0,
        "recall": 1.0,
        "f1-score": 1.0,
        "support": 8.0
      },
      "Swing": {
        "precision": 1.0,
        "recall": 1.0,
        "f1-score": 1.0,
        "support": 8.0
      },
      "ThrowDiscus": {
        "precision": 0.875,
        "recall": 1.0,
        "f1-score": 0.9333333333333333,
        "support": 7.0
      },
      "VolleyballSpiking": {
        "precision": 1.0,
        "recall": 1.0,
        "f1-score": 1.0,
        "support": 7.0
      },
      "WalkingWithDog": {
        "precision": 0.6666666666666666,
        "recall": 0.5714285714285714,
        "f1-score": 0.6153846153846154,
        "support": 7.0
      },
      "WritingOnBoard": {
        "precision": 1.0,
        "recall": 1.0,
        "f1-score": 1.0,
        "support": 8.0
      },
      "accuracy": 0.9,
      "macro avg": {
        "precision": 0.899537037037037,
        "recall": 0.8958333333333334,
        "f1-score": 0.893823319926261,
        "support": 90.0
      },
      "weighted avg": {
        "precision": 0.9001543209876545,
        "recall": 0.9,
        "f1-score": 0.8963175241606615,
        "support": 90.0
      }
    },
    "knn": {
      "Biking": {
        "precision": 0.75,
        "recall": 0.42857142857142855,
        "f1-score": 0.5454545454545454,
        "support": 7.0
      },
      "Diving": {
        "precision": 0.6153846153846154,
        "recall": 1.0,
        "f1-score": 0.7619047619047619,
        "support": 8.0
      },
      "GolfSwing": {
        "precision": 1.0,
        "recall": 1.0,
        "f1-score": 1.0,
        "support": 7.0
      },
      "HighJump": {
        "precision": 1.0,
        "recall": 0.875,
        "f1-score": 0.9333333333333333,
        "support": 8.0
      },
      "HorseRiding": {
        "precision": 0.6666666666666666,
        "recall": 0.75,
        "f1-score": 0.7058823529411765,
        "support": 8.0
      },
      "PullUps": {
        "precision": 0.875,
        "recall": 1.0,
        "f1-score": 0.9333333333333333,
        "support": 7.0
      },
      "SkateBoarding": {
        "precision": 1.0,
        "recall": 1.0,
        "f1-score": 1.0,
        "support": 8.0
      },
      "Swing": {
        "precision": 1.0,
        "recall": 0.875,
        "f1-score": 0.9333333333333333,
        "support": 8.0
      },
      "ThrowDiscus": {
        "precision": 0.875,
        "recall": 1.0,
        "f1-score": 0.9333333333333333,