{
  "lr_0.01": 2.3973221334360413,
  "lr_0.001": 2.057636545876325
}