epoch,train_loss_mean
1,1.0285608368939247
2,0.19233124578992525
3,0.09180767262570452
4,0.054262255912349705
5,0.05569661880229208
6,0.037127832536234695
